res_id,residue,res_name,res_seq,chain,D,W,I,R,dominant
115,ARG116,ARG,116,<mdtraj.core.topology.Chain object at 0x14f93e199a50>,0.0915,0.7491,0.7571,-0.5922,False
116,VAL117,VAL,117,<mdtraj.core.topology.Chain object at 0x14f93e199a50>,0.1915,0.8048,0.8279,-0.5096,False
105,THR106,THR,106,<mdtraj.core.topology.Chain object at 0x14f93e199a50>,0.0007,0.4773,0.4773,-0.476,False
123,THR124,THR,124,<mdtraj.core.topology.Chain object at 0x14f93e199a50>,0.1434,0.6214,0.6835,-0.4272,False
48,VAL49,VAL,49,<mdtraj.core.topology.Chain object at 0x14f93e199a50>,0.0,0.3205,0.3205,-0.3205,False
51,PHE52,PHE,52,<mdtraj.core.topology.Chain object at 0x14f93e199a50>,0.1009,0.435,0.4941,-0.308,False
61,ILE62,ILE,62,<mdtraj.core.topology.Chain object at 0x14f93e199a50>,0.129,0.3518,0.4295,-0.199,False
54,PRO55,PRO,55,<mdtraj.core.topology.Chain object at 0x14f93e199a50>,0.1952,0.4122,0.5364,-0.1917,False
87,PRO88,PRO,88,<mdtraj.core.topology.Chain object at 0x14f93e199a50>,0.5649,0.8365,0.9199,-0.1783,False
163,VAL164,VAL,164,<mdtraj.core.topology.Chain object at 0x14f93e199a50>,0.0344,0.2084,0.2341,-0.1678,False
108,SER109,SER,109,<mdtraj.core.topology.Chain object at 0x14f93e199a50>,0.0069,0.1699,0.1751,-0.1614,False
57,TYR58,TYR,58,<mdtraj.core.topology.Chain object at 0x14f93e199a50>,0.6,0.8231,0.9603,-0.1506,False
86,LEU87,LEU,87,<mdtraj.core.topology.Chain object at 0x14f93e199a50>,0.2666,0.4236,0.5759,-0.131,False
114,HIS115,HIS,115,<mdtraj.core.topology.Chain object at 0x14f93e199a50>,0.635,0.8207,0.9226,-0.1176,False
140,LYS141,LYS,141,<mdtraj.core.topology.Chain object at 0x14f93e199a50>,0.6861,0.7437,0.9705,-0.0391,False
107,ALA108,ALA,108,<mdtraj.core.topology.Chain object at 0x14f93e199a50>,0.4808,0.5324,0.7481,-0.0381,False
158,ILE159,ILE,159,<mdtraj.core.topology.Chain object at 0x14f93e199a50>,0.6186,0.6608,0.852,-0.0281,False
162,GLY163,GLY,163,<mdtraj.core.topology.Chain object at 0x14f93e199a50>,0.3792,0.403,0.6373,-0.0194,False
80,ASP81,ASP,81,<mdtraj.core.topology.Chain object at 0x14f93e199a50>,0.4118,0.4174,0.7046,-0.0047,False
93,VAL94,VAL,94,<mdtraj.core.topology.Chain object at 0x14f93e199a50>,0.4184,0.3878,0.6687,0.0254,False
109,VAL110,VAL,110,<mdtraj.core.topology.Chain object at 0x14f93e199a50>,0.3213,0.2821,0.519,0.0337,False
88,ALA89,ALA,89,<mdtraj.core.topology.Chain object at 0x14f93e199a50>,0.5198,0.4733,0.75,0.0351,False
78,ARG79,ARG,79,<mdtraj.core.topology.Chain object at 0x14f93e199a50>,0.7877,0.6841,0.9788,0.0689,False
119,LEU120,LEU,120,<mdtraj.core.topology.Chain object at 0x14f93e199a50>,0.4382,0.3234,0.604,0.091,False
58,VAL59,VAL,59,<mdtraj.core.topology.Chain object at 0x14f93e199a50>,0.593,0.3928,0.7788,0.1581,False
91,MET92,MET,92,<mdtraj.core.topology.Chain object at 0x14f93e199a50>,0.7424,0.4932,0.8825,0.178,False
121,THR122,THR,122,<mdtraj.core.topology.Chain object at 0x14f93e199a50>,0.893,0.5525,0.955,0.225,False
159,LEU160,LEU,160,<mdtraj.core.topology.Chain object at 0x14f93e199a50>,0.6682,0.3703,0.7909,0.2269,False
60,PHE61,PHE,61,<mdtraj.core.topology.Chain object at 0x14f93e199a50>,0.89,0.4661,0.9419,0.2944,False
82,LEU83,LEU,83,<mdtraj.core.topology.Chain object at 0x14f93e199a50>,0.7538,0.3322,0.841,0.3265,False
166,ILE167,ILE,167,<mdtraj.core.topology.Chain object at 0x14f93e199a50>,0.784,0.3419,0.8635,0.339,False
