Sequence,Group,Q69 RMSF (A),I134 RMSF (A),Y23 RMSF (A),K59 RMSF (A),R79 RMSF (A),I110 RMSF (A),G163 RMSF (A)
seq16_binder,Binder,3.413,2.474,2.893,0.759,0.546,0.676,0.759
seq14_binder,Binder,3.025,2.581,2.463,0.664,0.51,0.684,0.62
seq10_binder,Binder,2.972,2.772,1.674,0.815,0.805,0.871,1.005
seq17_binder,Binder,2.681,2.556,1.387,0.667,0.573,0.682,0.598
seq39_binder,Binder,3.807,2.558,2.16,0.724,0.663,0.671,1.319
seq42_binder,Binder,3.145,2.147,2.926,0.838,1.628,0.947,1.015
pair_3069_binder,Binder,5.688,3.85,1.196,1.243,0.789,0.783,1.13
pair_3070_binder,Binder,2.683,2.739,1.538,1.045,0.718,0.665,0.637
pair_3074_binder,Binder,6.537,2.683,2.508,1.265,0.816,0.766,1.134
pair_3092_binder,Binder,2.756,3.033,2.838,0.758,0.703,0.605,0.671
pair_3098_binder,Binder,3.789,2.806,2.396,1.044,1.353,0.83,2.313
pair_3059_nb,False Positive,2.444,2.677,1.081,0.992,0.638,1.086,1.538
pair_3062_binder,Binder,2.848,3.219,1.786,0.709,0.679,0.609,0.916
pair_3063_binder,Binder,3.626,4.218,1.65,3.45,1.269,0.991,2.06
pair_3066_binder,Binder,3.918,3.5,3.406,0.666,1.081,0.877,0.704
pair_3067_binder,Binder,4.214,3.908,1.958,0.686,0.994,0.835,0.782
pair_3068_binder,Binder,4.32,3.548,1.601,0.757,0.777,0.955,0.677
pair_3071_binder,Binder,2.689,3.13,1.081,0.982,0.662,0.717,0.816
pair_3072_binder,Binder,4.418,2.631,3.258,0.749,0.582,0.66,0.589
pair_3073_binder,Binder,2.98,2.928,1.054,0.872,0.769,0.88,0.606
pair_3075_binder,Binder,2.543,2.517,1.716,1.134,0.823,0.748,0.642
pair_3076_binder,Binder,2.485,2.893,3.993,0.685,0.682,0.759,0.907
pair_3077_binder,Binder,2.725,2.876,1.263,0.911,0.713,0.77,0.709
pair_3078_binder,Binder,3.178,2.72,3.413,0.889,0.724,0.669,1.198
pair_3079_binder,Binder,2.598,2.878,2.906,0.672,0.797,0.969,1.076
pair_3080_binder,Binder,5.195,2.799,3.088,0.914,1.547,0.78,1.07
pair_3085_binder,Binder,2.683,3.825,1.214,0.969,0.789,0.726,1.209
pair_3086_binder,Binder,2.596,2.787,0.827,1.078,0.759,0.634,0.987
pair_3087_binder,Binder,3.283,3.172,1.619,1.014,0.732,0.78,1.192
pair_3088_binder,Binder,2.568,3.401,1.44,1.135,0.751,0.979,0.808
pair_3091_binder,Binder,2.907,2.927,1.163,0.633,0.684,0.732,0.617
pair_3099_binder,Binder,5.16,2.749,1.729,0.857,1.19,0.709,1.199
pair_3100_binder,Binder,2.958,2.52,2.86,0.69,0.489,0.671,0.709
pair_3101_binder,Binder,2.96,2.696,3.381,0.809,0.726,0.795,1.1
pair_3103_binder,Binder,4.988,3.104,2.461,0.883,0.613,0.767,1.2
pair_3104_binder,Binder,3.341,2.816,2.457,0.859,0.613,0.673,0.796
pair_3108_binder,Binder,4.414,3.259,1.345,0.822,0.594,0.76,0.81
seq1_nb,False Positive,3.937,3.087,0.983,1.608,1.753,0.906,1.465
seq2_nb,False Positive,4.064,3.45,0.932,0.874,2.28,0.92,0.687
seq3_nb,False Positive,3.719,4.073,1.176,1.238,1.146,0.916,0.879
seq4_nb,False Positive,4.334,3.471,1.224,1.118,0.632,0.857,0.839
seq5_nb,False Positive,6.103,3.59,1.128,1.469,1.063,0.872,0.905
seq6_nb,False Positive,3.335,3.896,1.719,0.875,1.178,0.703,1.026
seq7_nb,False Positive,5.493,2.824,1.548,1.594,0.87,1.076,1.258
pair_0052_nb,False Positive,2.873,2.872,1.144,0.621,0.635,0.677,1.147
pair_0091_nb,False Positive,3.882,2.574,1.982,0.68,1.597,0.863,1.163
pair_0246_nb,False Positive,3.596,4.229,1.77,1.539,1.746,0.956,1.56
pair_0269_nb,False Positive,3.376,2.719,1.284,0.919,0.65,0.636,1.59
pair_0272_nb,False Positive,4.06,3.348,1.01,1.17,1.486,0.756,0.93
pair_0276_nb,False Positive,3.004,4.201,2.542,0.783,1.313,0.964,1.649
pair_0288_nb,False Positive,3.227,3.639,1.573,0.853,1.471,1.003,2.442
pair_0351_nb,False Positive,3.725,3.951,1.231,0.966,1.506,0.748,1.315
pair_0502_nb,False Positive,3.817,3.065,2.142,1.397,2.218,0.756,0.802
pair_0506_nb,False Positive,2.398,2.622,1.28,1.247,0.528,0.786,0.914
pair_0647_nb,False Positive,3.42,2.594,1.519,0.713,0.701,0.784,0.965
pair_0777_nb,False Positive,2.464,2.543,0.864,0.699,1.255,0.634,0.898
pair_0827_nb,False Positive,2.922,3.269,1.701,0.741,0.636,0.664,1.472
pair_1824_nb,False Positive,3.766,2.78,1.02,0.767,0.65,0.934,0.767
pair_1939_nb,False Positive,3.952,2.783,1.062,0.938,2.31,0.895,1.35
pair_0822_nb,False Positive,2.597,3.386,3.982,0.709,0.538,0.876,1.085
pair_0865_nb,False Positive,4.544,2.61,1.958,0.744,2.987,1.077,1.038
pair_0867_nb,False Positive,3.884,3.581,1.098,1.742,2.15,0.763,1.147
pair_1860_nb,False Positive,2.807,2.931,2.798,1.092,0.574,0.801,1.058
pair_1965_nb,False Positive,2.467,2.686,1.344,0.804,0.964,0.932,1.229
pair_0341_nb,False Positive,4.128,3.98,2.765,1.125,1.468,1.11,1.076
pair_0450_nb,False Positive,3.405,3.127,1.434,1.816,1.612,0.778,1.069
pair_0549_nb,False Positive,4.168,4.368,1.328,0.684,1.614,0.902,1.826
pair_0567_nb,False Positive,2.941,2.962,1.231,1.363,2.083,0.93,2.013
pair_0584_nb,False Positive,3.134,2.789,1.131,0.688,0.498,0.888,1.14
pair_0602_nb,False Positive,2.963,2.831,1.236,0.983,0.651,0.756,1.336
pair_0684_nb,False Positive,3.083,2.663,1.688,1.126,2.707,0.912,1.088
pair_0736_nb,False Positive,4.148,2.896,1.114,1.089,0.95,0.986,1.148
pair_0748_nb,False Positive,2.694,2.995,0.816,0.692,0.678,1.239,1.148
pair_0765_nb,False Positive,2.517,2.37,1.309,1.06,0.599,0.932,1.266
pair_0776_nb,False Positive,4.665,3.229,1.193,0.785,1.42,0.774,1.145
pair_0782_nb,False Positive,3.239,2.791,1.332,0.768,0.564,1.019,1.205
pair_0811_nb,False Positive,5.052,3.573,1.004,1.304,1.506,1.104,1.451
pair_0868_nb,False Positive,2.677,2.812,1.04,0.688,0.909,0.729,0.669
pair_0876_nb,False Positive,4.672,2.651,1.168,0.715,1.881,0.961,0.789
pair_0878_nb,False Positive,2.946,4.099,1.01,1.052,0.651,1.071,1.614
pair_0883_nb,False Positive,6.346,2.656,3.019,1.149,1.063,0.755,1.05
pair_0891_nb,False Positive,3.427,3.522,0.951,0.933,1.377,1.323,1.47
pair_0908_nb,False Positive,3.279,3.441,2.844,0.922,0.609,1.041,1.17
pair_0932_nb,False Positive,2.593,2.764,1.557,0.689,0.794,0.731,0.77
pair_0940_nb,False Positive,2.357,2.713,1.401,0.904,0.709,0.714,1.54
pair_0974_nb,False Positive,3.827,2.811,0.977,0.624,1.454,0.78,0.806
pair_0977_nb,False Positive,4.431,4.248,0.933,0.957,1.397,1.013,0.738
pair_1011_nb,False Positive,2.956,3.064,3.685,0.975,0.612,1.007,1.207
pair_1023_nb,False Positive,2.636,3.059,1.127,0.98,0.511,0.941,1.325
pair_1102_nb,False Positive,4.743,3.616,1.018,2.079,2.214,1.173,1.462
pair_1313_nb,False Positive,2.698,3.053,1.011,0.885,0.695,0.773,1.194
pair_1397_nb,False Positive,3.526,2.4,4.157,0.767,1.085,0.892,0.771
pair_1654_nb,False Positive,2.621,3.484,2.566,0.7,0.55,0.757,1.125
pair_1656_nb,False Positive,4.024,2.763,2.796,0.903,0.664,0.743,1.281
pair_1658_nb,False Positive,3.518,2.897,3.084,0.835,0.871,0.825,1.423
pair_1671_nb,False Positive,2.561,3.416,3.335,1.251,0.56,0.997,1.167
pair_1679_nb,False Positive,3.191,2.723,1.128,1.322,1.276,0.86,1.068
pair_1709_nb,False Positive,3.23,2.825,0.91,0.842,2.085,1.105,0.893
pair_1710_nb,False Positive,3.866,3.462,1.042,1.068,0.608,0.748,1.368
pair_1737_nb,False Positive,2.797,2.688,3.079,0.905,0.678,0.697,0.723
pair_1758_nb,False Positive,2.805,2.87,0.973,0.967,0.56,0.749,1.25
pair_1784_nb,False Positive,3.082,2.447,2.606,1.656,2.18,1.028,0.905
pair_1785_nb,False Positive,2.477,4.266,1.623,0.875,0.853,0.741,1.013
pair_1792_nb,False Positive,4.976,3.297,1.042,1.58,0.665,0.756,1.102
pair_1835_nb,False Positive,4.89,4.194,1.586,0.758,1.685,0.864,0.88
pair_1847_nb,False Positive,2.907,2.743,1.505,1.26,1.076,1.276,1.532
pair_1914_nb,False Positive,2.5,4.411,2.008,0.985,0.703,0.812,1.554
pair_1922_nb,False Positive,2.969,3.139,0.921,0.724,0.723,0.648,0.789
pair_1938_nb,False Positive,3.715,2.724,3.664,0.875,1.517,0.739,1.248
pair_1961_nb,False Positive,4.073,3.169,3.297,1.063,1.803,0.886,0.866
pair_0008_low_pkt,Low Confidence,4.833,2.947,1.283,1.015,0.566,0.824,1.081
pair_0393_low_pkt,Low Confidence,5.418,2.439,1.262,1.544,1.144,0.735,0.678
pair_0482_low_pkt,Low Confidence,3.824,2.531,2.964,1.206,2.172,1.789,1.203
pair_1331_low_pkt,Low Confidence,4.253,3.584,0.808,0.774,0.937,1.409,0.92
pair_1931_low_pkt,Low Confidence,3.833,2.925,0.846,0.642,0.539,0.684,1.024
pair_0065_low_pkt,Low Confidence,2.719,2.884,1.242,2.182,0.85,0.918,2.052
pair_0947_low_pkt,Low Confidence,2.925,3.134,1.055,1.219,0.618,0.604,1.495
pair_0948_low_pkt,Low Confidence,2.844,3.269,1.143,1.121,0.611,0.838,1.247
pair_1413_low_pkt,Low Confidence,2.804,2.83,1.515,1.166,0.617,1.029,1.735
pair_0715_fail_gate,Fail Geometry,2.823,3.255,1.362,0.678,0.63,0.835,0.858
pair_1094_fail_gate,Fail Geometry,3.939,2.717,2.416,1.076,0.565,1.262,1.923
pair_1682_fail_gate,Fail Geometry,2.891,2.418,2.451,1.177,0.541,0.934,1.638
pair_1739_fail_gate,Fail Geometry,2.389,3.817,1.043,0.838,0.728,0.736,1.824
pair_1941_fail_gate,Fail Geometry,3.628,4.408,0.885,1.008,2.281,0.816,1.319
pair_0014_fail_gate,Fail Geometry,3.271,3.729,0.854,1.149,0.611,1.018,1.372
pair_0263_fail_gate,Fail Geometry,3.105,4.285,1.296,0.639,0.572,0.755,0.645
pair_0540_fail_gate,Fail Geometry,3.977,2.561,1.258,0.886,1.202,0.596,0.934
pair_0997_fail_gate,Fail Geometry,3.395,2.994,3.586,0.85,0.675,0.775,0.883
pair_1745_fail_gate,Fail Geometry,2.571,2.923,1.25,0.856,0.536,0.808,1.262
bind_019_binder,Binder,3.506,3.124,1.038,0.727,0.718,0.852,0.706
bind_020_binder,Binder,3.658,2.864,2.741,0.791,0.811,1.066,0.996
bind_022_binder,Binder,2.75,2.7,3.577,0.896,0.571,0.69,1.065
bind_034_binder,Binder,3.094,2.756,0.902,0.942,0.848,0.699,1.148
bind_041_binder,Binder,3.443,3.078,1.663,1.521,0.89,0.842,0.914
bind_043_binder,Binder,3.539,2.796,3.686,0.9,0.801,0.705,0.674
bind_069_binder,Binder,5.405,2.824,1.077,0.946,0.584,0.754,1.217
bind_076_binder,Binder,4.035,3.243,1.152,1.037,1.129,0.835,0.714
bind_080_binder,Binder,2.96,2.897,1.046,1.015,0.703,0.788,0.747
bind_083_binder,Binder,4.187,3.076,0.945,0.897,1.411,1.013,1.356
bind_088_binder,Binder,2.584,2.631,1.101,0.798,0.648,1.433,0.988
bind_099_binder,Binder,3.247,2.855,1.184,0.686,0.69,0.763,1.06
bind_100_binder,Binder,3.101,3.835,1.088,2.08,1.231,0.758,1.675
bind_101_binder,Binder,5.515,2.612,1.112,0.785,0.705,1.081,0.784
bind_102_binder,Binder,2.802,3.173,3.374,0.819,1.396,0.814,1.105
bind_110_binder,Binder,3.461,3.214,1.097,1.503,1.668,0.737,1.824
pair_3061_binder,Binder,2.985,3.568,1.0,1.016,0.79,0.694,1.088
nonb_006_nb,False Positive,2.87,2.688,0.812,0.664,0.576,0.858,0.604
nonb_008_nb,False Positive,2.546,2.642,1.969,0.776,0.699,0.694,1.436
nonb_009_nb,False Positive,4.481,3.023,1.228,0.889,2.634,0.797,1.27
nonb_010_nb,False Positive,2.115,4.324,1.173,0.658,0.538,0.846,1.03
nonb_011_nb,False Positive,3.01,3.553,2.923,0.883,1.4,0.715,1.943
nonb_013_nb,False Positive,3.573,2.681,0.958,0.888,0.749,0.664,0.69
nonb_014_nb,False Positive,2.926,2.883,0.893,0.66,0.507,0.636,0.783
nonb_017_nb,False Positive,3.484,3.874,1.183,1.316,0.783,0.798,1.269
nonb_018_nb,False Positive,2.996,2.71,1.951,0.777,1.139,0.83,0.817
nonb_019_nb,False Positive,3.687,2.518,0.901,1.111,1.493,0.667,0.659
nonb_021_nb,False Positive,3.307,2.736,1.38,0.747,1.413,0.734,0.758
nonb_022_nb,False Positive,2.605,2.604,1.438,1.283,0.745,0.824,1.118
nonb_023_nb,False Positive,3.579,2.584,2.47,0.804,0.806,0.651,0.636
nonb_024_nb,False Positive,2.968,3.358,1.159,0.571,0.553,0.633,1.021
nonb_025_nb,False Positive,4.953,4.073,1.051,0.92,0.762,1.041,0.996
nonb_026_nb,False Positive,2.61,3.051,1.039,0.772,0.536,1.044,1.122
nonb_029_nb,False Positive,4.177,2.889,1.494,0.844,1.459,0.724,0.812
nonb_032_nb,False Positive,4.22,3.124,0.917,0.835,0.662,0.715,0.696
nonb_046_nb,False Positive,5.356,4.12,2.948,0.907,0.845,0.836,1.257
nonb_047_nb,False Positive,3.104,2.902,2.122,0.633,0.59,0.705,0.791
nonb_048_nb,False Positive,4.021,5.401,0.957,2.659,1.044,0.739,1.068
nonb_049_nb,False Positive,4.977,2.671,1.989,0.67,0.652,0.636,0.832
nonb_050_nb,False Positive,4.739,2.446,1.142,1.052,0.644,0.711,0.976
nonb_051_nb,False Positive,3.645,3.028,1.116,1.287,0.697,0.816,1.163
nonb_052_nb,False Positive,3.586,3.395,1.624,1.426,0.794,0.644,0.797
nonb_053_nb,False Positive,3.759,2.863,1.351,0.651,1.457,0.694,1.13
nonb_054_nb,False Positive,4.545,2.502,3.096,1.204,1.656,0.773,0.701
nonb_056_nb,False Positive,3.093,3.219,0.988,1.684,0.627,0.863,1.395
nonb_066_nb,False Positive,4.265,2.862,2.064,1.378,1.437,0.832,1.423
nonb_067_nb,False Positive,2.602,3.303,1.078,0.542,0.454,1.071,0.742
nonb_068_nb,False Positive,3.838,5.183,1.941,0.741,0.719,0.809,0.905
nonb_071_nb,False Positive,5.133,2.843,1.726,1.133,0.837,0.766,1.421
nonb_072_nb,False Positive,2.933,2.906,1.463,0.732,0.552,1.346,0.868
nonb_073_nb,False Positive,4.481,3.69,1.297,3.603,1.112,0.948,1.302
nonb_074_nb,False Positive,4.181,3.167,3.098,1.593,1.024,0.715,0.965
nonb_075_nb,False Positive,4.526,2.455,2.984,1.217,0.755,0.893,1.712
nonb_080_nb,False Positive,3.677,3.157,1.146,0.876,1.183,0.781,0.887
nonb_081_nb,False Positive,4.278,2.771,1.062,0.61,0.564,0.592,1.1
nonb_082_nb,False Positive,4.002,2.607,1.302,0.689,0.685,1.157,1.217
nonb_085_nb,False Positive,4.071,3.563,1.505,1.942,0.911,0.942,1.261
nonb_086_nb,False Positive,4.658,3.15,1.143,1.075,0.948,0.821,0.975
nonb_087_nb,False Positive,2.937,2.642,0.907,0.861,0.782,0.747,0.874
nonb_088_nb,False Positive,4.455,2.685,0.748,0.76,0.84,0.905,1.533
nonb_089_nb,False Positive,4.902,3.224,3.881,1.939,0.883,1.011,1.017
nonb_115_nb,False Positive,3.308,3.139,0.892,0.773,1.357,0.982,0.672
nonb_116_nb,False Positive,4.308,2.648,1.366,1.45,1.297,0.935,3.358
nonb_117_nb,False Positive,2.737,3.98,1.72,1.18,0.605,0.851,1.184
